year,state,variable,max_bin_pp
2016,MD,hhSize,1.0
2016,MD,autos,1.6
2016,MD,dwellingType,0.5
2016,MD,hh_inc9,0.5
2016,MD,age_bin,0.9
2016,MD,gender,0.3
2016,MD,occ_silo,2.0
2016,MD,race4,0.6
2016,VA,hhSize,0.8
2016,VA,autos,2.5
2016,VA,dwellingType,0.8
2016,VA,hh_inc9,0.8
2016,VA,age_bin,1.0
2016,VA,gender,0.6
2016,VA,occ_silo,2.2
2016,VA,race4,0.9
2016,PA,hhSize,0.6
2016,PA,autos,2.5
2016,PA,dwellingType,1.6
2016,PA,hh_inc9,1.2
2016,PA,age_bin,0.8
2016,PA,gender,0.6
2016,PA,occ_silo,3.3
2016,PA,race4,0.5
2016,DE,hhSize,1.0
2016,DE,autos,2.5
2016,DE,dwellingType,1.0
2016,DE,hh_inc9,0.8
2016,DE,age_bin,1.1
2016,DE,gender,0.1
2016,DE,occ_silo,2.0
2016,DE,race4,0.6
2016,DC,hhSize,0.5
2016,DC,autos,0.1
2016,DC,dwellingType,1.9
2016,DC,hh_inc9,1.0
2016,DC,age_bin,3.0
2016,DC,gender,0.0
2016,DC,occ_silo,1.7
2016,DC,race4,1.7
2016,WV,hhSize,0.8
2016,WV,autos,2.6
2016,WV,dwellingType,1.7
2016,WV,hh_inc9,2.4
2016,WV,age_bin,1.0
2016,WV,gender,0.9
2016,WV,occ_silo,5.7
2016,WV,race4,1.8
2017,MD,hhSize,1.2
2017,MD,autos,2.0
2017,MD,dwellingType,0.2
2017,MD,hh_inc9,0.3
2017,MD,age_bin,1.1
2017,MD,gender,0.3
2017,MD,occ_silo,2.3
2017,MD,race4,0.5
2017,VA,hhSize,1.1
2017,VA,autos,2.6
2017,VA,dwellingType,0.5
2017,VA,hh_inc9,1.1
2017,VA,age_bin,1.3
2017,VA,gender,0.6
2017,VA,occ_silo,2.3
2017,VA,race4,0.9
2017,PA,hhSize,0.7
2017,PA,autos,2.7
2017,PA,dwellingType,1.5
2017,PA,hh_inc9,2.1
2017,PA,age_bin,1.0
2017,PA,gender,0.7
2017,PA,occ_silo,2.6
2017,PA,race4,0.6
2017,DE,hhSize,1.1
2017,DE,autos,2.8
2017,DE,dwellingType,0.7
2017,DE,hh_inc9,0.8
2017,DE,age_bin,1.3
2017,DE,gender,0.0
2017,DE,occ_silo,1.7
2017,DE,race4,0.5
2017,DC,hhSize,0.5
2017,DC,autos,0.6
2017,DC,dwellingType,2.0
2017,DC,hh_inc9,1.9
2017,DC,age_bin,4.4
2017,DC,gender,0.0
2017,DC,occ_silo,2.3
2017,DC,race4,1.3
2017,WV,hhSize,1.3
2017,WV,autos,3.1
2017,WV,dwellingType,2.0
2017,WV,hh_inc9,2.0
2017,WV,age_bin,1.1
2017,WV,gender,1.1
2017,WV,occ_silo,4.8
2017,WV,race4,2.3
2018,MD,hhSize,1.1
2018,MD,autos,2.2
2018,MD,dwellingType,0.4
2018,MD,hh_inc9,0.4
2018,MD,age_bin,1.4
2018,MD,gender,0.2
2018,MD,occ_silo,2.5
2018,MD,race4,0.4
2018,VA,hhSize,1.4
2018,VA,autos,2.8
2018,VA,dwellingType,0.4
2018,VA,hh_inc9,1.2
2018,VA,age_bin,1.6
2018,VA,gender,0.7
2018,VA,occ_silo,2.6
2018,VA,race4,0.9
2018,PA,hhSize,0.7
2018,PA,autos,2.7
2018,PA,dwellingType,1.2
2018,PA,hh_inc9,2.2
2018,PA,age_bin,1.3
2018,PA,gender,0.8
2018,PA,occ_silo,2.0
2018,PA,race4,1.0
2018,DE,hhSize,0.6
2018,DE,autos,3.3
2018,DE,dwellingType,0.5
2018,DE,hh_inc9,0.8
2018,DE,age_bin,1.6
2018,DE,gender,0.0
2018,DE,occ_silo,2.0
2018,DE,race4,0.5
2018,DC,hhSize,0.5
2018,DC,autos,0.4
2018,DC,dwellingType,1.8
2018,DC,hh_inc9,1.4
2018,DC,age_bin,5.3
2018,DC,gender,0.1
2018,DC,occ_silo,2.8
2018,DC,race4,1.2
2018,WV,hhSize,1.0
2018,WV,autos,2.8
2018,WV,dwellingType,2.5
2018,WV,hh_inc9,2.5
2018,WV,age_bin,1.5
2018,WV,gender,1.4
2018,WV,occ_silo,4.2
2018,WV,race4,2.5
2019,MD,hhSize,1.0
2019,MD,autos,2.2
2019,MD,dwellingType,0.6
2019,MD,hh_inc9,0.4
2019,MD,age_bin,1.6
2019,MD,gender,0.2
2019,MD,occ_silo,2.7
2019,MD,race4,0.6
2019,VA,hhSize,1.1
2019,VA,autos,2.9
2019,VA,dwellingType,0.3
2019,VA,hh_inc9,1.3
2019,VA,age_bin,1.9
2019,VA,gender,0.7
2019,VA,occ_silo,2.7
2019,VA,race4,1.0
2019,PA,hhSize,0.9
2019,PA,autos,2.8
2019,PA,dwellingType,1.5
2019,PA,hh_inc9,2.3
2019,PA,age_bin,1.6
2019,PA,gender,0.9
2019,PA,occ_silo,1.7
2019,PA,race4,1.5
2019,DE,hhSize,0.6
2019,DE,autos,3.7
2019,DE,dwellingType,0.6
2019,DE,hh_inc9,1.0
2019,DE,age_bin,1.8
2019,DE,gender,0.1
2019,DE,occ_silo,2.3
2019,DE,race4,0.6
2019,DC,hhSize,0.5
2019,DC,autos,0.4
2019,DC,dwellingType,1.8
2019,DC,hh_inc9,1.4
2019,DC,age_bin,6.2
2019,DC,gender,0.1
2019,DC,occ_silo,3.0
2019,DC,race4,1.2
2019,WV,hhSize,1.5
2019,WV,autos,3.8
2019,WV,dwellingType,4.0
2019,WV,hh_inc9,2.2
2019,WV,age_bin,1.6
2019,WV,gender,1.5
2019,WV,occ_silo,2.5
2019,WV,race4,2.6
2020,MD,hhSize,0.9
2020,MD,autos,2.3
2020,MD,dwellingType,1.0
2020,MD,hh_inc9,0.4
2020,MD,age_bin,1.9
2020,MD,gender,0.2
2020,MD,occ_silo,2.6
2020,MD,race4,0.8
2020,VA,hhSize,1.3
2020,VA,autos,2.8
2020,VA,dwellingType,0.5
2020,VA,hh_inc9,1.5
2020,VA,age_bin,2.2
2020,VA,gender,0.8
2020,VA,occ_silo,2.5
2020,VA,race4,1.1
2020,PA,hhSize,1.1
2020,PA,autos,3.0
2020,PA,dwellingType,1.9
2020,PA,hh_inc9,2.3
2020,PA,age_bin,1.9
2020,PA,gender,1.0
2020,PA,occ_silo,1.8
2020,PA,race4,1.6
2020,DE,hhSize,0.8
2020,DE,autos,3.9
2020,DE,dwellingType,0.8
2020,DE,hh_inc9,0.8
2020,DE,age_bin,2.0
2020,DE,gender,0.2
2020,DE,occ_silo,1.7
2020,DE,race4,0.9
2020,DC,hhSize,1.1
2020,DC,autos,0.7
2020,DC,dwellingType,1.8
2020,DC,hh_inc9,1.6
2020,DC,age_bin,6.8
2020,DC,gender,0.3
2020,DC,occ_silo,2.6
2020,DC,race4,1.4
2020,WV,hhSize,1.5
2020,WV,autos,4.7
2020,WV,dwellingType,6.0
2020,WV,hh_inc9,2.5
2020,WV,age_bin,1.6
2020,WV,gender,1.6
2020,WV,occ_silo,2.8
2020,WV,race4,2.4
2021,MD,hhSize,1.0
2021,MD,autos,2.6
2021,MD,dwellingType,1.5
2021,MD,hh_inc9,0.5
2021,MD,age_bin,1.6
2021,MD,gender,0.4
2021,MD,occ_silo,2.4
2021,MD,race4,1.1
2021,VA,hhSize,1.3
2021,VA,autos,2.6
2021,VA,dwellingType,0.5
2021,VA,hh_inc9,2.2
2021,VA,age_bin,2.0
2021,VA,gender,1.0
2021,VA,occ_silo,2.5
2021,VA,race4,1.1
2021,PA,hhSize,1.3
2021,PA,autos,3.1
2021,PA,dwellingType,2.1
2021,PA,hh_inc9,2.4
2021,PA,age_bin,1.8
2021,PA,gender,1.4
2021,PA,occ_silo,1.7
2021,PA,race4,1.6
2021,DE,hhSize,1.1
2021,DE,autos,3.6
2021,DE,dwellingType,0.7
2021,DE,hh_inc9,1.0
2021,DE,age_bin,1.6
2021,DE,gender,0.5
2021,DE,occ_silo,1.8
2021,DE,race4,1.2
2021,DC,hhSize,1.0
2021,DC,autos,1.2
2021,DC,dwellingType,1.9
2021,DC,hh_inc9,1.7
2021,DC,age_bin,6.6
2021,DC,gender,0.2
2021,DC,occ_silo,3.2
2021,DC,race4,1.5
2021,WV,hhSize,1.5
2021,WV,autos,6.1
2021,WV,dwellingType,6.2
2021,WV,hh_inc9,2.3
2021,WV,age_bin,1.9
2021,WV,gender,1.9
2021,WV,occ_silo,3.0
2021,WV,race4,1.8
2022,MD,hhSize,1.1
2022,MD,autos,2.5
2022,MD,dwellingType,1.6
2022,MD,hh_inc9,0.5
2022,MD,age_bin,1.4
2022,MD,gender,0.6
2022,MD,occ_silo,2.5
2022,MD,race4,1.1
2022,VA,hhSize,1.4
2022,VA,autos,2.4
2022,VA,dwellingType,0.3
2022,VA,hh_inc9,2.5
2022,VA,age_bin,1.8
2022,VA,gender,1.2
2022,VA,occ_silo,2.5
2022,VA,race4,1.2
2022,PA,hhSize,1.5
2022,PA,autos,2.9
2022,PA,dwellingType,2.3
2022,PA,hh_inc9,2.5
2022,PA,age_bin,2.0
2022,PA,gender,1.6
2022,PA,occ_silo,1.8
2022,PA,race4,1.6
2022,DE,hhSize,1.1
2022,DE,autos,3.2
2022,DE,dwellingType,0.8
2022,DE,hh_inc9,1.4
2022,DE,age_bin,1.5
2022,DE,gender,0.6
2022,DE,occ_silo,2.3
2022,DE,race4,1.3
2022,DC,hhSize,1.0
2022,DC,autos,1.4
2022,DC,dwellingType,2.3
2022,DC,hh_inc9,1.7
2022,DC,age_bin,6.8
2022,DC,gender,0.4
2022,DC,occ_silo,4.1
2022,DC,race4,1.4
2022,WV,hhSize,1.5
2022,WV,autos,6.6
2022,WV,dwellingType,7.7
2022,WV,hh_inc9,2.8
2022,WV,age_bin,1.9
2022,WV,gender,2.5
2022,WV,occ_silo,3.3
2022,WV,race4,2.3
2023,MD,hhSize,1.1
2023,MD,autos,2.5
2023,MD,dwellingType,1.5
2023,MD,hh_inc9,0.7
2023,MD,age_bin,1.3
2023,MD,gender,0.5
2023,MD,occ_silo,2.7
2023,MD,race4,2.2
2023,DE,hhSize,1.0
2023,DE,autos,3.1
2023,DE,dwellingType,0.8
2023,DE,hh_inc9,1.4
2023,DE,age_bin,1.4
2023,DE,gender,0.6
2023,DE,occ_silo,2.6
2023,DE,race4,2.4
2023,DC,hhSize,2.1
2023,DC,autos,1.4
2023,DC,dwellingType,3.6
2023,DC,hh_inc9,2.0
2023,DC,age_bin,6.5
2023,DC,gender,0.2
2023,DC,occ_silo,4.1
2023,DC,race4,0.6
